{"visualization_rec": {"loocv": {"PPR": {"f1@1": 0.6864855746434694}, "MF": {"f1@1": 0.3704552224289066}, "CF": {"f1@1": 0.030351519825204037}, "PR": {"f1@1": 0.33604834591676697}, "RANDOM": {"f1@1": 0.030250956566746045}}}, "content_rec": {}}