{"visualization_rec": {"kfold": {"PPR": {"f1@1": 0.5904980842911878}, "MF": {"f1@1": 0.31777777777777777}, "CF": {"f1@1": 0.1238314176245211}, "CF_": {"f1@1": 0.7633716475095786}, "PR": {"f1@1": 0.3042911877394636}, "RANDOM": {"f1@1": 0.03363984674329502}}, "loocv": {"PPR": {"f1@1": 0.37551721038563146}, "MF": {"f1@1": 0.2679694949431791}, "CF": {"f1@1": 0.05751864501864501}, "CF_": {"f1@1": 0.6578821447242499}, "PR": {"f1@1": 0.22813433010801432}, "RANDOM": {"f1@1": 0.029657607289186233}}}, "content_rec": {"kfold": {"PPR": {"f1": 0.4766666666666666, "ndcg": 0.5058192652315645}, "MF": {"f1": 0.267037037037037, "ndcg": 0.2688412411793753}, "MF_": {"f1": 0.7787654320987656, "ndcg": 0.8276703036948324}, "CF": {"f1": 0.6098765432098766, "ndcg": 0.6295987591775998}, "CF_": {"f1": 0.6479012345679012, "ndcg": 0.6785531653584096}, "PR": {"f1": 0.3903703703703704, "ndcg": 0.4018415846870859}, "RANDOM": {"f1": 0.2874074074074074, "ndcg": 0.2845176124594971}}, "loocv": {"PPR": {"f1": 0.4551689124057546, "ndcg": 0.4612771471567149}, "MF": {"f1": 0.414718485113222, "ndcg": 0.4214646524602859}, "MF_": {"f1": 0.7149866827498407, "ndcg": 0.7735873403301706}, "CF": {"f1": 0.6882019758335547, "ndcg": 0.676636010129044}, "CF_": {"f1": 0.6699204800520592, "ndcg": 0.6493934190073535}, "PR": {"f1": 0.46931973905658114, "ndcg": 0.46103039616437885}, "RANDOM": {"f1": 0.3131819008134798, "ndcg": 0.31322495145616513}}}}